<application>
  <component name="FeatureSuggesterSettings">
    <option name="workingDays">
      <list>
        <option value="1655811515467" />
        <option value="1655912577846" />
        <option value="1655981420387" />
        <option value="1656251940705" />
        <option value="1656526015636" />
        <option value="1656543627852" />
        <option value="1656777345706" />
        <option value="1656868013278" />
        <option value="1657839184538" />
        <option value="1657839638966" />
        <option value="1657926000535" />
        <option value="1658070207087" />
        <option value="1660571187130" />
      </list>
    </option>
  </component>
</application>