<application>
  <component name="ParameterNameHintsSettings">
    <blacklists>
      <blacklist language="Java">
        <added pattern="java.lang.String.join(delimiter,elements)" />
        <added pattern="sx.blah.discord.util.EmbedBuilder.appendField(title,content,inline)" />
        <added pattern="me.curz46.shiina.util.MessageHelper.createInfoEmbed(title,content)" />
        <added pattern="com.mineteria.frontend.menu.type.inventory.SimpleInventoryMenu.add(index,element,elementAction)" />
      </blacklist>
    </blacklists>
    <option id="java.enums" value="false" />
    <option id="java.new.expr" value="false" />
    <disabledLanguages>
      <language id="JAVA" />
      <language id="kotlin" />
      <language id="Groovy" />
    </disabledLanguages>
  </component>
</application>