<application>
  <component name="ProjectManager">
    <defaultProject>
      <component name="CheckStyle-IDEA">
        <option name="configuration">
          <map>
            <entry key="checkstyle-version" value="8.16" />
            <entry key="copy-libs" value="true" />
            <entry key="location-0" value="BUNDLED:(bundled):Sun Checks" />
            <entry key="location-1" value="BUNDLED:(bundled):Google Checks" />
            <entry key="scan-before-checkin" value="false" />
            <entry key="scanscope" value="JavaOnly" />
            <entry key="suppress-errors" value="false" />
          </map>
        </option>
      </component>
      <component name="Encoding">
        <file url="PROJECT" charset="UTF-8" />
      </component>
      <component name="GradleLocalSettings">
        <option name="modificationStamps">
          <map>
            <entry key="C:/Dylan/MEGA/Programming/projects/sponge-prison" value="3001787182544" />
            <entry key="$USER_HOME$/Desktop/spiritcore-chat" value="2945897783432" />
            <entry key="$USER_HOME$/Downloads/forge-1.9-12.16.0.1867-1.9-mdk" value="1461958671598" />
            <entry key="$USER_HOME$/Dropbox/Programming/Java/Projects/MinecraftForge" value="1461961027001" />
            <entry key="$USER_HOME$/Dropbox/Programming/Java/Projects/Railway/rcore-2" value="1462623110945" />
            <entry key="$USER_HOME$/Dropbox/Programming/Java/Projects/Railway/station-2" value="1462629818380" />
            <entry key="$USER_HOME$/Dropbox/Programming/Java/Railway/rcore" value="2936360725184" />
            <entry key="$USER_HOME$/Dropbox/Programming/Java/Railway/rcore-old" value="2928768675117" />
            <entry key="$USER_HOME$/Dropbox/Programming/Java/SpiritCraft/spiritchat" value="2928576466145" />
            <entry key="$USER_HOME$/Dropbox/Programming/Java/SpiritCraft/spiritcore" value="2938607243089" />
            <entry key="$USER_HOME$/Dropbox/Programming/Java/Undead-network/undead-core" value="2929302366023" />
            <entry key="$USER_HOME$/Dropbox/Programming/Java/Undead-network/undead-prison" value="2933602401078" />
            <entry key="$USER_HOME$/Dropbox/Programming/projects/groups/abilityapi/AbilityAPI" value="2943891957606" />
            <entry key="$USER_HOME$/Dropbox/Programming/projects/groups/abilityapi/abilityapi" value="5932538951261" />
            <entry key="$USER_HOME$/Dropbox/Programming/projects/groups/abilityapi/shazam" value="2967669027054" />
            <entry key="$USER_HOME$/Dropbox/Programming/projects/groups/abilityapi/shazam!" value="2967639572203" />
            <entry key="$USER_HOME$/Dropbox/Programming/projects/groups/projectkorra/ProjectKorra" value="2942947581224" />
            <entry key="$USER_HOME$/Dropbox/Programming/projects/groups/projectkorra/projectkorra-example" value="2942863056588" />
            <entry key="$USER_HOME$/Dropbox/Programming/projects/groups/railway/islands" value="2942745789875" />
            <entry key="$USER_HOME$/Dropbox/Programming/projects/hordez" value="2967645909734" />
            <entry key="$USER_HOME$/MEGA/Programming/clones/SpongeVanilla" value="4507939572423" />
            <entry key="$USER_HOME$/MEGA/Programming/projects/corinthmc/Craftis" value="3022775386000" />
          </map>
        </option>
        <option name="projectSyncType">
          <map>
            <entry key="$USER_HOME$/Desktop/NewMastermind" value="PREVIEW" />
            <entry key="$USER_HOME$/Dropbox/Programming/Java/Projects/Rails" value="PREVIEW" />
            <entry key="$USER_HOME$/MEGA/Programming/projects/corinthmc/Kento" value="PREVIEW" />
            <entry key="$USER_HOME$/MEGA/Programming/projects/corinthmc/NewMastermind" value="PREVIEW" />
            <entry key="$USER_HOME$/MEGA/Programming/projects/fearless/Kento" value="PREVIEW" />
            <entry key="$USER_HOME$/MEGA/Programming/projects/fearless/SpongeVanilla" value="PREVIEW" />
            <entry key="D:/MEGA/code/ComputerCraft" value="PREVIEW" />
            <entry key="D:/MEGA/code/CubicChunks" value="PREVIEW" />
            <entry key="D:/MEGA/code/Discord4J" value="PREVIEW" />
            <entry key="D:/MEGA/code/Discord4J-2" value="PREVIEW" />
            <entry key="D:/MEGA/code/Discord4J/gateway" value="PREVIEW" />
            <entry key="D:/MEGA/code/SpongeVanilla" value="PREVIEW" />
            <entry key="D:/MEGA/code/email-notifier" value="PREVIEW" />
            <entry key="D:/MEGA/code/gh-puller" value="PREVIEW" />
            <entry key="D:/MEGA/code/ground-control" value="PREVIEW" />
            <entry key="D:/MEGA/code/jchroma-clone" value="PREVIEW" />
            <entry key="D:/MEGA/code/kernelold" value="PREVIEW" />
            <entry key="D:/MEGA/code/shiina" value="PREVIEW" />
          </map>
        </option>
      </component>
      <component name="ProjectRootManager" version="2" languageLevel="JDK_1_6" />
      <component name="ProjectViewState">
        <option name="hideEmptyMiddlePackages" value="true" />
        <option name="showExcludedFiles" value="false" />
        <option name="showLibraryContents" value="true" />
        <option name="showMembers" value="true" />
      </component>
      <component name="PropertiesComponent">
        <property name="last_opened_file_path" value="D:/MEGA/code/jchroma-clone" />
        <property name="project.structure.last.edited" value="Project" />
        <property name="project.structure.proportion" value="0.0" />
        <property name="project.structure.side.proportion" value="0.0" />
        <property name="settings.editor.selected.configurable" value="terminal" />
      </component>
      <component name="RunManager">
        <configuration default="true" type="Applet">
          <option name="POLICY_FILE" value="$APPLICATION_HOME_DIR$/bin/appletviewer.policy" />
          <method v="2">
            <option name="Make" enabled="true" />
          </method>
        </configuration>
        <configuration default="true" type="Application" factoryName="Application">
          <option name="WORKING_DIRECTORY" value="$PROJECT_DIR$" />
          <method v="2">
            <option name="Make" enabled="true" />
          </method>
        </configuration>
        <configuration default="true" type="JUnit" factoryName="JUnit">
          <option name="TEST_OBJECT" value="class" />
          <option name="WORKING_DIRECTORY" value="$MODULE_DIR$" />
          <method v="2">
            <option name="Make" enabled="true" />
          </method>
        </configuration>
        <configuration default="true" type="TestNG">
          <option name="WORKING_DIRECTORY" value="$MODULE_DIR$" />
          <properties />
          <listeners />
          <method v="2">
            <option name="Make" enabled="true" />
          </method>
        </configuration>
      </component>
      <component name="masterDetails">
        <states>
          <state key="GlobalLibrariesConfigurable.UI">
            <settings>
              <splitter-proportions>
                <option name="proportions">
                  <list>
                    <option value="0.2" />
                  </list>
                </option>
              </splitter-proportions>
            </settings>
          </state>
          <state key="JdkListConfigurable.UI">
            <settings>
              <splitter-proportions>
                <option name="proportions">
                  <list>
                    <option value="0.2" />
                  </list>
                </option>
              </splitter-proportions>
            </settings>
          </state>
          <state key="ProjectJDKs.UI">
            <settings>
              <last-edited>1.8</last-edited>
              <splitter-proportions>
                <option name="proportions">
                  <list>
                    <option value="0.2" />
                  </list>
                </option>
              </splitter-proportions>
            </settings>
          </state>
          <state key="ProjectLibrariesConfigurable.UI">
            <settings>
              <splitter-proportions>
                <option name="proportions">
                  <list>
                    <option value="0.2" />
                  </list>
                </option>
              </splitter-proportions>
            </settings>
          </state>
        </states>
      </component>
    </defaultProject>
  </component>
</application>