<application>
  <component name="SettingsSyncPlugins">
    <option name="plugins">
      <map>
        <entry key="com.chrisrm.idea.MaterialThemeUI">
          <value>
            <PluginData>
              <option name="dependencies">
                <set>
                  <option value="com.intellij.modules.platform" />
                </set>
              </option>
            </PluginData>
          </value>
        </entry>
        <entry key="com.demonwav.minecraft-dev">
          <value>
            <PluginData>
              <option name="dependencies">
                <set>
                  <option value="ByteCodeViewer" />
                  <option value="com.intellij.gradle" />
                  <option value="com.intellij.modules.java" />
                  <option value="org.intellij.groovy" />
                  <option value="org.jetbrains.idea.maven" />
                </set>
              </option>
            </PluginData>
          </value>
        </entry>
        <entry key="com.mallowigi">
          <value>
            <PluginData>
              <option name="dependencies">
                <set>
                  <option value="com.intellij.modules.platform" />
                </set>
              </option>
            </PluginData>
          </value>
        </entry>
        <entry key="com.vincentp.gruvbox-theme">
          <value>
            <PluginData>
              <option name="category" value="UI" />
              <option name="dependencies">
                <set>
                  <option value="com.intellij.modules.lang" />
                </set>
              </option>
            </PluginData>
          </value>
        </entry>
      </map>
    </option>
  </component>
</application>