<toolSet name="External Tools">
  <tool name="EasyOnTheEyes" showInMainMenu="true" showInEditor="true" showInProject="true" showInSearchPopup="true" disabled="false" useConsole="true" showConsoleOnStdOut="false" showConsoleOnStdErr="false" synchronizeAfterRun="true">
    <exec>
      <option name="COMMAND" value="C:\Users\Dylan Curzon\Desktop\EasyOnTheEyes.jar" />
      <option name="PARAMETERS" />
      <option name="WORKING_DIRECTORY" value="C:/Users/Dylan Curzon/Desktop/EasyOnTheEyes" />
    </exec>
  </tool>
  <tool name="rm world" showInMainMenu="true" showInEditor="true" showInProject="true" showInSearchPopup="true" disabled="false" useConsole="true" showConsoleOnStdOut="false" showConsoleOnStdErr="false" synchronizeAfterRun="true">
    <exec>
      <option name="COMMAND" value="rm run/world -r" />
      <option name="PARAMETERS" />
      <option name="WORKING_DIRECTORY" />
    </exec>
  </tool>
</toolSet>